Gameplay/Kits/Hero/Luke/GP_Hero_Luke	WSSoldierCustomizationGameplayAsset	data/Gameplay/Kits/Hero/Luke/GP_Hero_Luke.json	0
Gameplay/Kits/Hero/Luke/Ability_Luke_ForcePush	CharacterStatePlayerAbilityAsset	data/Gameplay/Kits/Hero/Luke/Ability_Luke_ForcePush.json	0
Gameplay/Kits/Hero/Luke/Prefabs/PF_Push_Luke	LogicPrefabBlueprint	data/Gameplay/Kits/Hero/Luke/Prefabs/PF_Push_Luke.json	0
Gameplay/Prefabs/Affectors/States/Affector_Damage_Luke_ForcePush	DamageAffectorAsset	data/Gameplay/Prefabs/Affectors/States/Affector_Damage_Luke_ForcePush.json	0
Gameplay/Prefabs/Affectors/CharacterState/Affector_ForcePushed_14m	CharacterStateAffectorAsset	data/Gameplay/Prefabs/Affectors/CharacterState/Affector_ForcePushed_14m.json	0
Gameplay/Kits/Hero/Maul/GP_Hero_Maul	WSSoldierCustomizationGameplayAsset	data/Gameplay/Kits/Hero/Maul/GP_Hero_Maul.json	0
Gameplay/Kits/Hero/Maul/Ability_Maul_ForceChoke	CharacterStatePlayerAbilityAsset	data/Gameplay/Kits/Hero/Maul/Ability_Maul_ForceChoke.json	0
Gameplay/Kits/Hero/Maul/PF_ForceChoke_Maul	LogicPrefabBlueprint	data/Gameplay/Kits/Hero/Maul/PF_ForceChoke_Maul.json	0
Gameplay/Prefabs/Affectors/States/Affector_Damage_Maul_ForceChoke	DamageAffectorAsset	data/Gameplay/Prefabs/Affectors/States/Affector_Damage_Maul_ForceChoke.json	0
Gameplay/Kits/Hero/Maul/Affector_Health_Maul	MaxHealthAffectorAsset	data/Gameplay/Kits/Hero/Maul/Affector_Health_Maul.json	0
