FX/Ambient/_MP/Hoth/FX_Snow_FallingSnow_01_Hoth	EffectBlueprint	data/FX/Ambient/_MP/Hoth/FX_Snow_FallingSnow_01_Hoth.json
fx/ambient/_mp/hoth/emitters/em_snow_fallingrocks_debris_hoth	ScalableEmitterDocument	data/fx/ambient/_mp/hoth/emitters/em_snow_fallingrocks_debris_hoth.json
fx/ambient/_mp/hoth/emitters/em_snow_fallingrocks_powder_hoth	ScalableEmitterDocument	data/fx/ambient/_mp/hoth/emitters/em_snow_fallingrocks_powder_hoth.json
fx/ambient/_mp/hoth/emitters/em_snow_fallingrocks_dust_thin_hoth	ScalableEmitterDocument	data/fx/ambient/_mp/hoth/emitters/em_snow_fallingrocks_dust_thin_hoth.json
FX/Vehicles/EngineExhaust/FX_EngineExhaust_TransportGR75_Prim	EffectBlueprint	data/FX/Vehicles/EngineExhaust/FX_EngineExhaust_TransportGR75_Prim.json
fx/vehicles/engineexhaust/emitters/em_engineexhaust_transportgr75_prim_glowwide	ScalableEmitterDocument	data/fx/vehicles/engineexhaust/emitters/em_engineexhaust_transportgr75_prim_glowwide.json
fx/vehicles/engineexhaust/emitters/em_engineexhaust_transportgr75_prim_glow	ScalableEmitterDocument	data/fx/vehicles/engineexhaust/emitters/em_engineexhaust_transportgr75_prim_glow.json
fx/vehicles/engineexhaust/emitters/em_engineexhaust_transportgr75_prim_burn	ScalableEmitterDocument	data/fx/vehicles/engineexhaust/emitters/em_engineexhaust_transportgr75_prim_burn.json
FX/impacts/Blaster/Snow/FX_Impact_Blaster_Snow	EffectBlueprint	data/FX/impacts/Blaster/Snow/FX_Impact_Blaster_Snow.json
fx/impacts/blaster/snow/emitters/em_impact_blaster_snow_smokespikes	ScalableEmitterDocument	data/fx/impacts/blaster/snow/emitters/em_impact_blaster_snow_smokespikes.json
fx/impacts/blaster/generic/emitters/em_impact_blaster_generic_sparksflash	ScalableEmitterDocument	data/fx/impacts/blaster/generic/emitters/em_impact_blaster_generic_sparksflash.json
fx/impacts/blaster/snow/emitters/em_impact_blaster_snow_plume	ScalableEmitterDocument	data/fx/impacts/blaster/snow/emitters/em_impact_blaster_snow_plume.json
FX/Vehicles/ConTrails/FX_ConTrail_TieFighter	EffectBlueprint	data/FX/Vehicles/ConTrails/FX_ConTrail_TieFighter.json
fx/vehicles/contrails/emitters/em_tiefighter_contrail_ribbon	ScalableEmitterDocument	data/fx/vehicles/contrails/emitters/em_tiefighter_contrail_ribbon.json
