AI/BattleAI/Templates/CloseRange_Template	SoldierBlueprint	data/AI/BattleAI/Templates/CloseRange_Template.json	100
Sound/Weapons/Blaster_Fire	SoundPatchAsset	data/Sound/Weapons/Blaster_Fire.json	100
Levels/MP/Hoth_01/Spawns	LayerData	data/Levels/MP/Hoth_01/Spawns.json	100
Characters/Hero/KyloRen/KyloRen_Blueprint	SoldierBlueprint	data/Characters/Hero/KyloRen/KyloRen_Blueprint.json	100
AI/BattleAI/Templates/CloseRange_Template_4	SoldierBlueprint	data/AI/BattleAI/Templates/CloseRange_Template_4.json	100
Sound/Weapons/Blaster_Fire_5	SoundPatchAsset	data/Sound/Weapons/Blaster_Fire_5.json	100
Levels/MP/Hoth_01/Spawns_6	LayerData	data/Levels/MP/Hoth_01/Spawns_6.json	100
Characters/Hero/KyloRen/KyloRen_Blueprint_7	SoldierBlueprint	data/Characters/Hero/KyloRen/KyloRen_Blueprint_7.json	100
AI/BattleAI/Templates/CloseRange_Template_8	SoldierBlueprint	data/AI/BattleAI/Templates/CloseRange_Template_8.json	100
Sound/Weapons/Blaster_Fire_9	SoundPatchAsset	data/Sound/Weapons/Blaster_Fire_9.json	100
Levels/MP/Hoth_01/Spawns_10	LayerData	data/Levels/MP/Hoth_01/Spawns_10.json	100
Characters/Hero/KyloRen/KyloRen_Blueprint_11	SoldierBlueprint	data/Characters/Hero/KyloRen/KyloRen_Blueprint_11.json	100
AI/BattleAI/Templates/CloseRange_Template_12	SoldierBlueprint	data/AI/BattleAI/Templates/CloseRange_Template_12.json	100
Sound/Weapons/Blaster_Fire_13	SoundPatchAsset	data/Sound/Weapons/Blaster_Fire_13.json	100
Levels/MP/Hoth_01/Spawns_14	LayerData	data/Levels/MP/Hoth_01/Spawns_14.json	100
Characters/Hero/KyloRen/KyloRen_Blueprint_15	SoldierBlueprint	data/Characters/Hero/KyloRen/KyloRen_Blueprint_15.json	100
AI/BattleAI/Templates/CloseRange_Template_16	SoldierBlueprint	data/AI/BattleAI/Templates/CloseRange_Template_16.json	100
Sound/Weapons/Blaster_Fire_17	SoundPatchAsset	data/Sound/Weapons/Blaster_Fire_17.json	100
Levels/MP/Hoth_01/Spawns_18	LayerData	data/Levels/MP/Hoth_01/Spawns_18.json	100
Characters/Hero/KyloRen/KyloRen_Blueprint_19	SoldierBlueprint	data/Characters/Hero/KyloRen/KyloRen_Blueprint_19.json	100
AI/BattleAI/Templates/CloseRange_Template_20	SoldierBlueprint	data/AI/BattleAI/Templates/CloseRange_Template_20.json	100
Sound/Weapons/Blaster_Fire_21	SoundPatchAsset	data/Sound/Weapons/Blaster_Fire_21.json	100
Levels/MP/Hoth_01/Spawns_22	LayerData	data/Levels/MP/Hoth_01/Spawns_22.json	100
Characters/Hero/KyloRen/KyloRen_Blueprint_23	SoldierBlueprint	data/Characters/Hero/KyloRen/KyloRen_Blueprint_23.json	100
AI/BattleAI/Templates/CloseRange_Template_24	SoldierBlueprint	data/AI/BattleAI/Templates/CloseRange_Template_24.json	100
Sound/Weapons/Blaster_Fire_25	SoundPatchAsset	data/Sound/Weapons/Blaster_Fire_25.json	100
Levels/MP/Hoth_01/Spawns_26	LayerData	data/Levels/MP/Hoth_01/Spawns_26.json	100
Characters/Hero/KyloRen/KyloRen_Blueprint_27	SoldierBlueprint	data/Characters/Hero/KyloRen/KyloRen_Blueprint_27.json	100
AI/BattleAI/Templates/CloseRange_Template_28	SoldierBlueprint	data/AI/BattleAI/Templates/CloseRange_Template_28.json	100
Sound/Weapons/Blaster_Fire_29	SoundPatchAsset	data/Sound/Weapons/Blaster_Fire_29.json	100
