map	objects it dresses
Objects/Nature/Yavin/_YavinBase/_CommonTextures/T_YavinBase_Vines_01_C	79
Objects/Nature/Yavin/_YavinBase/_CommonTextures/T_YavinBase_Vines_01_N	79
Objects/Props/ObjectSets/Bespin/_CommonTextures/T_Plaza_Tiles_01_C	55
Objects/Architecture/_GalacticRepublic/Venator_Int_01/T_Venator_Int_Emissive_01_C	28
Objects/Architecture/_GalacticRepublic/Venator_Int_01/T_Venator_Int_Emissive_01_N	28
Levels/MP/Naboo_01/Objects/Textures/T_Naboo_Dirt_01_CS	25
Levels/MP/Naboo_01/Objects/Textures/T_Naboo_Dirt_01_N	25
Objects/Nature/Forest/_ForestBase/ForestBase_LogMedium_01/T_ForestBase_LogMedium_01_Addons_C	23
Objects/Nature/Forest/_ForestBase/ForestBase_LogMedium_01/T_ForestBase_LogMedium_01_Addons_N	23
Objects/Architecture/CorvetteCR90_Interior_01/T_CorvetteCR90_Interior_01_C	21
Objects/Architecture/CorvetteCR90_Interior_01/T_CorvetteCR90_Interior_01_N	21
Objects/Nature/Forest/_ForestBase/_MeshScattering/MS_ForestBase_Fern_01/T_MS_ForestBase_Fern_01_C	18
Objects/Nature/Forest/_ForestBase/_MeshScattering/MS_ForestBase_Fern_01/T_MS_ForestBase_Fern_01_N	18
Objects/Architecture/Tatooine/JabbasPalace/Textures/_Decals/T_DecalsPalace_01_C	17
Objects/Nature/Forest/_ForestBase/_MeshScattering/MS_ForestBase_Fern_01/T_MS_ForestBase_Fern_01_LOD_C	17
Objects/Nature/Forest/_ForestBase/_MeshScattering/MS_ForestBase_Fern_01/T_MS_ForestBase_Fern_01_LOD_N	17
Objects/Nature/Desert/DesertCanyon/_Backdrops/DesertCanyon_Backdrop_01/T_DesertCanyon_Backdrop_01_C	16
Objects/Nature/Desert/DesertCanyon/_Backdrops/DesertCanyon_Backdrop_01/T_DesertCanyon_Backdrop_01_N	16
Objects/Nature/Bespin/Clouds/PlainGrass/T_PlainGrass_Ground_C	14
Objects/Nature/Forest/_ForestBase/ForestBase_ShrubLarge_01/T_ForestBase_ShrubLarge_Branches_01_C	14
Objects/Nature/Forest/_ForestBase/ForestBase_ShrubLarge_01/T_ForestBase_ShrubLarge_Branches_01_N	14
S3/Objects/Kessel/Nature/_Backdrops/KES_Wall_BD_01/T_KES_Wall_BD_01_CA	13
S3/Objects/Kessel/Nature/_Backdrops/KES_Wall_BD_01/T_KES_Wall_BD_01_N	13
Objects/Props/_Decals/DirtDecals_01/T_DirtDecals_01_C	12
Objects/Architecture/Naboo/O_NAB_CurbSet_01/T_NAB_CurbSet_01_CS	11
Objects/Architecture/Naboo/O_NAB_CurbSet_01/T_NAB_CurbSet_01_N	11
Objects/Nature/Yavin/_YavinBase/YavinBase_Vines_Lush_01/T_YavinBase_Vines_Lush_01_C	11
Objects/Nature/Yavin/_YavinBase/YavinBase_Vines_Lush_01/T_YavinBase_Vines_Lush_01_N	11
S6_2/Geonosis_02/Objects/_GalacticRepublic/_Decals/REP_VenatorDecalSets_CS	11
S8/Felucia/Objects/Felucia/Nature/BackdropMushroom_01/T_FEL_BackdropMushroom_01b_C	10
S8/Felucia/Objects/Felucia/Nature/BackdropMushroom_01/T_FEL_BackdropMushroom_01b_N	10
Objects/Architecture/Kashyyyk/WallTerrace_01/T_KAS_WallTerraceStairs_LOD_01_A_CS	9
Objects/Architecture/Kashyyyk/WallTerrace_01/T_KAS_WallTerraceStairs_LOD_01_A_NAM	9
Objects/Props/ObjectSets/Endor/EwokVillage_01/T_EwokVillage_Leaves_01_C	9
Objects/Nature/Forest/_ForestBase/_MeshScattering/MS_ForestBase_Log_01/T_MS_ForestBase_Log_01_C	8
Objects/Nature/Forest/_ForestBase/_MeshScattering/MS_ForestBase_Log_01/T_MS_ForestBase_Log_01_N	8
Objects/Nature/Desert/_DesertBase/_Backdrops/DesertBase_Backdrop_01/T_DesertBase_Backdrop_03_C	8
Objects/Nature/Desert/_DesertBase/_Backdrops/DesertBase_Backdrop_01/T_DesertBase_Backdrop_03_N	8
Objects/Nature/Forest/_ForestBase/_MeshScattering/MS_ForestBase_Twigs_01/T_MS_ForestBase_Twigs_01_C	8
Objects/Nature/Forest/_ForestBase/_MeshScattering/MS_ForestBase_Twigs_01/T_MS_ForestBase_Twigs_01_N	8
Objects/Nature/Yavin/_YavinBase/YavinBase_Vines_Thick_01/T_YavinBase_VineBush_Small_01_C	8
Objects/Nature/Yavin/_YavinBase/YavinBase_Vines_Thick_01/T_YavinBase_VineBush_Small_01_N	8
Objects/Nature/Arctic/ArcticIce/ArcticIce_IceCaves_01/T_ArcticIce_SnowCave_StalagmiteSurface_01_C	7
Objects/Nature/Arctic/ArcticIce/ArcticIce_IceCaves_01/T_ArcticIce_SnowCave_StalagmiteSurface_01_N	7
Objects/Nature/Desert/MosEisley/_Backdrops/MosEisley_Backdrop_01/T_MosEisley_Backdrop_01_C	7
Objects/Nature/Desert/MosEisley/_Backdrops/MosEisley_Backdrop_01/T_MosEisley_Backdrop_01_N	7
Objects/Nature/Kashyyyk/_KashyyykBase/KashyyykBase_TreeGiant_01/T_KashyyykBase_TreeGiant_01_C	7
Objects/Props/ObjectSets/Sullust/PlatesMetal_01/T_PlatesMetal_01_C	7
Objects/Props/ObjectSets/Sullust/PlatesMetal_01/T_PlatesMetal_01_N	7
Objects/Props/_Decals/RustDecals_01/T_RustDecals_01_C	7
Objects/Props/ObjectSets/Tatooine/MosEisley_WallPosters_01/T_MosEisleyWallPosters_01_CA	7
Objects/Props/ObjectSets/Tatooine/MosEisley_WallPosters_01/T_MosEisleyWallPosters_01_N	7
S3/Objects/Kessel/Nature/_Backdrops/KES_Vista_BD_01/T_KES_Vista_BD_01_C	7
S3/Objects/Kessel/Nature/_Backdrops/KES_Vista_BD_01/T_KES_Vista_BD_01_N	7
Objects/Nature/Arctic/ArcticIce/ArcticIce_Bones/T_ArcticIce_Bones_01_C	6
Objects/Nature/Arctic/ArcticIce/ArcticIce_Bones/T_ArcticIce_Bones_01_N	6
Objects/Props/ObjectSets/Bespin/_CommonTextures/Concrete/T_Concrete_01_CS	5
Objects/Props/ObjectSets/Tatooine/LarsHomesteadDoors_01/T_LarsHomesteadCircle_01_Door_01_C	5
Objects/Props/ObjectSets/Tatooine/LarsHomesteadDoors_01/T_LarsHomesteadCircle_01_Door_01_N	5
Objects/Nature/Forest/_ForestBase/_TerrainTextures/T_ForestBase_Roots_01_C	5
Objects/Nature/Forest/_ForestBase/_TerrainTextures/T_ForestBase_Roots_01_N	5
Objects/Nature/Kashyyyk/_KashyyykBase/_MeshScattering/MS_KashyyykBase_Roots_01/T_MS_KashyyykBase_Roots_01_C	5
Objects/Nature/Kashyyyk/_KashyyykBase/_MeshScattering/MS_KashyyykBase_Roots_01/T_MS_KashyyykBase_Roots_01_N	5
Objects/Nature/Yavin/_YavinBase/_Meshscattering/MS_YavinBase_Roots_01/T_MS_YavinBase_Roots_01_C	5
Objects/Nature/Yavin/_YavinBase/_Meshscattering/MS_YavinBase_Roots_01/T_MS_YavinBase_Roots_01_N	5
Objects/Props/Landmarks/_GalacticEmpire/BD_WreckDeflectorDishImperial_01/T_WreckDeflectorDishImperial_01_CS	5
Objects/Props/Landmarks/_GalacticEmpire/BD_WreckDeflectorDishImperial_01/T_WreckDeflectorDishImperial_01_NA	5
Objects/Nature/Bespin/Clouds/PlainGrass/T_PlainGrass_Grass_C	5
Objects/Nature/Bespin/Clouds/PlainGrass/T_PlainGrass_Grass_NA	5
S8/Felucia/Objects/Felucia/Nature/FeluciaBase_Cliff_01/T_FeluciaBase_DetailMeshesLOD_01_C	5
S8/Felucia/Objects/Felucia/Nature/FeluciaBase_Cliff_01/T_FeluciaBase_DetailMeshesLOD_01_NA	5
Objects/Nature/Forest/_ForestBase/_MeshScattering/MS_ForestBase_Roots_01/T_MS_ForestBase_Roots_01_C	4
Objects/Nature/Forest/_ForestBase/_MeshScattering/MS_ForestBase_Roots_01/T_MS_ForestBase_Roots_01_N	4
Objects/Nature/Forest/_ForestBase/ForestBase_TreeLarge_01/T_ForestBase_TreeShadow_01_C	4
Objects/Nature/Kashyyyk/_KashyyykBase/KashyyykBase_TreeGiant_01/T_KashyyykBase_TreeGiant_02_C	4
Objects/Nature/Kashyyyk/_KashyyykBase/KashyyykBase_TreeGiant_01/T_KashyyykBase_TreeGiant_02_N	4
Objects/Nature/Valley/_ValleyBase/_MeshScattering/T_MS_ValleyBase_Rocks_01_C	4
Objects/Nature/Valley/_ValleyBase/_MeshScattering/T_MS_ValleyBase_Rocks_01_NS	4
S3/Objects/Kessel/Nature/_Backdrops/KES_Ground_BD_01/T_KES_Ground_BD_01_C	4
S3/Objects/Kessel/Nature/_Backdrops/KES_Ground_BD_01/T_KES_Ground_BD_01_N	4
S8/Felucia/Objects/Felucia/Props/Sarlacc_01/T_Sarlacc_All_01_C	4
S8/Felucia/Objects/Felucia/Props/Sarlacc_01/T_Sarlacc_All_01_N	4
Levels/MP/Naboo_01/Objects/Naboo_BackdropCliff_01/T_Naboo_BackdropCliff_01_CS	3
Levels/MP/Naboo_01/Objects/Naboo_BackdropCliff_01/T_Naboo_BackdropCliff_01_NM	3
Objects/Architecture/Kamino/TexturesGeneric/T_KAM_UIScreens_01_CS	3
Objects/Architecture/Naboo/Backdrop/T_BackdropCanalBoardWalk_01_CS	3
Objects/Architecture/Naboo/Backdrop/T_BackdropCanalBoardWalk_01_NA	3
Objects/Nature/Beach/_BeachBase/_Meshscattering/MS_BeachBase_CoralRocks_01/T_MS_BeachBase_CoralRocks_01_C	3
Objects/Nature/Beach/_BeachBase/_Meshscattering/MS_BeachBase_CoralRocks_01/T_MS_BeachBase_CoralRocks_01_NS	3
Objects/Nature/Desert/_DesertBase/_MeshScattering/MS_DesertBase_Bones_01/T_DesertBase_Bones_01_C	3
Objects/Nature/Forest/_ForestSwamp/ForestSwamp_WaterAlgae_01/T_ForestSwamp_WaterAlgae_01_C	3
Objects/Nature/Forest/_ForestSwamp/ForestSwamp_WaterAlgae_01/T_ForestSwamp_WaterAlgae_01_N	3
Objects/Nature/Kashyyyk/_KashyyykBase/_MeshScattering/MS_KashyyykBase_Dry_01/T_KashyyykBase_Dry_01_C	3
Objects/Nature/Kashyyyk/_KashyyykBase/_MeshScattering/MS_KashyyykBase_Dry_01/T_KashyyykBase_Dry_01_N	3
Objects/Nature/Kashyyyk/_KashyyykBase/KashyyykBase_TreeGiant_01/T_KashyyykBase_TreeGiantWall_01_C	3
Objects/Nature/Kashyyyk/_KashyyykBase/KashyyykBase_TreeGiant_01/T_KashyyykBase_TreeGiantWall_01_N	3
Objects/Nature/Yavin/_YavinBase/_Meshscattering/MS_YavinBase_Rock_Small_01/T_MS_YavinBase_Rock_Small_01_C	3
Objects/Nature/Yavin/_YavinBase/_Meshscattering/MS_YavinBase_Rock_Small_01/T_MS_YavinBase_Rock_Small_01_N	3
Objects/Nature/Yavin/_YavinBase/YavinBase_BackdropCloud_01/T_YavinBase_BackdropCloud_01_C	3
ToBeDeleted_TempInTransition/Objects/Architecture/Rebel/Desert/LarsHomestead_01/TA_LarsHomestead_Trims_01_C	3
ToBeDeleted_TempInTransition/Objects/Architecture/Rebel/Desert/LarsHomestead_01/TA_LarsHomestead_Trims_01_N	3
S3/Objects/Kessel/Nature/KES_Cliff_01/T_KES_Cliff_01_C	3
S3/Objects/Kessel/Nature/KES_Cliff_01/T_KES_Cliff_01_N	3
S8/Felucia/Objects/Felucia/Nature/FEL_Snail_01/FEL_Snail_01_CA	3
S8/Felucia/Objects/Felucia/Nature/FEL_Snail_01/FEL_Snail_01_NA	3
Objects/Architecture/Tatooine/JabbasPalace/Textures/T_Wood_01_C	2
Objects/LivingWorld/Crab_01/T_Crab_01_Legs_CA	2
Objects/LivingWorld/Crab_01/T_Crab_01_Legs_NA	2
Objects/Nature/Arctic/_ArcticBase/_Decals/T_ArcticBase_DirtStainDecal_02_C	2
Objects/Nature/Arctic/_ArcticBase/_Decals/T_ArcticBase_DirtStainDecal_02_N	2
Objects/Nature/Arctic/_ArcticBase/MS_ArcticBase_Rock_01/T_MS_ArcticBase_Rock_01_C	2
Objects/Nature/Arctic/_ArcticBase/MS_ArcticBase_Rock_01/T_MS_ArcticBase_Rock_01_N	2
Objects/Nature/Desert/_DesertBase/DesertBase_BushDry_01/T_DesertBase_BushDry_01_C	2
Objects/Nature/Forest/_ForestBase/_MeshScattering/MS_ForestBase_Clover_01/T_MS_ForestBase_Clover_01_C	2
Objects/Nature/Forest/_ForestBase/_MeshScattering/MS_ForestBase_Clover_01/T_MS_ForestBase_Clover_01_N	2
Objects/Nature/Forest/_ForestBase/_MeshScattering/MS_ForestBase_Stone_01/T_MS_ForestBase_Stone_01_C	2
Objects/Nature/Forest/_ForestBase/_MeshScattering/MS_ForestBase_Stone_01/T_MS_ForestBase_Stone_01_N	2
Objects/Nature/Forest/_ForestBase/ForestBase_BackdropCloud_01/T_ForestBase_BackdropCloud_01_C	2
Objects/Nature/Kashyyyk/_KashyyykBase/_MeshScattering/MS_KashyyykBase_Droids_01/T_MS_KashyyykBase_Droids_01_C	2
Objects/Nature/Kashyyyk/_KashyyykBase/_MeshScattering/MS_KashyyykBase_Droids_01/T_MS_KashyyykBase_Droids_01_N	2
Objects/Nature/Kashyyyk/_KashyyykBase/KashyyykBase_GrassTall_01/T_KashyyykBase_GrassTall_01_C	2
Objects/Nature/Kashyyyk/_KashyyykBase/KashyyykBase_GrassTall_01/T_KashyyykBase_GrassTall_01_N	2
Objects/Nature/Kashyyyk/_KashyyykBase/_TerrainTextures/T_KashyyykBase_Roots_01_N	2
Objects/Nature/Pillio/_PillioLive/_Meshscattering/T_PlantBase_01_CS	2
Objects/Nature/Pillio/_PillioLive/_Meshscattering/T_PlantBase_01_N	2
Objects/Props/Cinematics/Data_Pad_01/T_Data_Pad_01_C	2
Objects/Props/Cinematics/Data_Pad_01/T_Data_Pad_01_NS	2
Objects/Props/ObjectSets/_GalacticEmpire/DS_ControlRoom_Grating_01/T_DS_ControlRoom_Grating_01_CS	2
Objects/Props/ObjectSets/_GalacticEmpire/DS_ControlRoom_Grating_01/T_DS_ControlRoom_Grating_01_N	2
S5_1/Objects/Geonosis/Nature/_DesertContentClone/T_DesertBase_CliffSandstoneHuge_01_C	2
S8/Felucia/Objects/Felucia/Nature/FeluciaBase_Cliff_01/T_FeluciaBase_Cliff_01_C	2
S8/Felucia/Objects/Felucia/Nature/FeluciaBase_Cliff_01/T_FeluciaBase_Cliff_01_NA	2
S8/Felucia/Objects/Felucia/Props/BuildingInteriorProps/Basket_01/T_FEL_Net_01_C	2
Levels/SP/A1/M1END/Lighting/Textures/T_DeathStar_03_C	1
ToBeDeleted_TempInTransition/Objects/Architecture/Imperial/BunkerSystem_01/New/T_BunkerSystem_01_XSlice_CS	1
ToBeDeleted_TempInTransition/Objects/Architecture/Imperial/HangarSystem_01/Decals/T_HangarSystem_DecalArray_Lines_01_C	1
ToBeDeleted_TempInTransition/Objects/Architecture/Imperial/LandingPlatform_01/T_LandingPlatformPipeSystem_01_CS	1
Objects/Architecture/Hoth/HangarSystem_01/New/T_HangarSystem_LightCone_03_C	1
Objects/Architecture/Hoth/HangarSystem_01/New/T_HangarSystem_LightCone_03_N	1
Objects/Architecture/Kamino/TexturesGeneric/T_KAM_HoloInterface_01_CS	1
Objects/Architecture/Kamino/TexturesGeneric/T_KAM_AlertUI_01_CS	1
Objects/Architecture/Naboo/Backdrop/T_LandingStripNaboo_01_CS	1
Objects/Architecture/Naboo/BuildingsUnique/O_NAB_BuildingStreet_01/T_NAB_BuildingStreet_01_CS	1
Levels/MP/Naboo_01/Objects/Textures/T_Naboo_Brass_01_CS	1
Levels/MP/Naboo_01/Objects/Textures/T_Naboo_Brass_01_N	1
Objects/Architecture/Sullust/CaveSystem_01/T_LightCave_01_CS	1
Objects/Architecture/Sullust/CaveSystem_01/T_LightCave_01_N	1
Objects/Architecture/Tatooine/JabbasPalace/Textures/T_Velvet_01_C	1
Objects/Architecture/Tatooine/JabbasPalace/Textures/T_Velvet_01_N	1
Objects/Architecture/Vardos/_Shaders/T_FacadeCardsVardos_01_A_CS	1
Objects/Nature/Arctic/_ArcticBase/_Decals/T_ArcticBase_DirtStainDecal_01_C	1
Objects/Nature/Arctic/_ArcticBase/_Decals/T_ArcticBase_DirtStainDecal_01_N	1
Objects/Nature/Arctic/_ArcticBase/ArcticBase_BD_RockWall_Huge_02/T_ArcticBase_BD_RockWall_Huge_02_C	1
Objects/Nature/Arctic/_ArcticBase/ArcticBase_BD_RockWall_Huge_02/T_ArcticBase_BD_RockWall_Huge_02_N	1
Objects/Nature/Arctic/_ArcticBase/ArcticBase_BD_RockWall_Large_04/T_ArcticBase_BD_RockWall_Large_04_C	1
Objects/Nature/Arctic/_ArcticBase/ArcticBase_BD_RockWall_Large_04/T_ArcticBase_BD_RockWall_Large_04_N	1
Objects/Nature/Arctic/_ArcticBase/ArcticBase_PileRock_01/T_ArcticBase_PileRock_01_C	1
Objects/Nature/Arctic/_ArcticBase/ArcticBase_PileRock_01/T_ArcticBase_PileRock_01_N	1
Objects/Nature/Arctic/_ArcticBase/ArcticBase_PileRock_02/T_ArcticBase_PileRock_02_C	1
Objects/Nature/Arctic/_ArcticBase/ArcticBase_PileRock_02/T_ArcticBase_PileRock_02_N	1
Objects/Nature/Beach/_BeachBase/_TerrainTextures/T_BeachBase_Grass_01_CS	1
Objects/Nature/Beach/_BeachBase/_TerrainTextures/T_BeachBase_Grass_01_NOH	1
Objects/Nature/Desert/_DesertBase/_MeshScattering/MS_DesertBase_RockGravel_01/T_MS_DesertBase_RockGravel_01_C	1
Objects/Nature/Desert/_DesertBase/_MeshScattering/MS_DesertBase_RockGravel_01/T_MS_DesertBase_RockGravel_01_N	1
Objects/Nature/Forest/_ForestBase/_MeshScattering/MS_ForestBase_BackdropTree_01/T_MS_ForestBase_BackdropTree_01_C	1
Objects/Nature/Forest/_ForestBase/_MeshScattering/MS_ForestBase_BackdropTree_01/T_MS_ForestBase_BackdropTree_01_N	1
Objects/Nature/Forest/_ForestBase/ForestBase_RockLarge_01/T_ForestBase_RockMoss_01_C	1
Objects/Nature/Forest/_ForestBase/ForestBase_RockLarge_01/T_ForestBase_RockMoss_01_N	1
Objects/Nature/Forest/_ForestBase/ForestBase_WaterfallMedium_01/T_ForestBase_Waterfall_Foam_01_C	1
Objects/Nature/Forest/_ForestSwamp/_MeshScattering/MS_ForestSwamp_Grass_01/T_MS_ForestSwamp_Grass_01_C	1
Objects/Nature/Forest/_ForestSwamp/_MeshScattering/MS_ForestSwamp_Grass_01/T_MS_ForestSwamp_Grass_01_N	1
Objects/Nature/Kashyyyk/_KashyyykBase/KashyyykBase_GrassTall_01/T_KashyyykBase_GrassTall_LOD_01_C	1
Objects/Nature/Kashyyyk/_KashyyykBase/KashyyykBase_GrassTall_01/T_KashyyykBase_GrassTall_LOD_01_N	1
Objects/Nature/Kashyyyk/_KashyyykBase/KashyyykBase_TreeGiant_01/T_KashyyykBase_TreeGiantShadow_01_C	1
Objects/Nature/Kashyyyk/_KashyyykBase/KashyyykBase_TreeGiant_01/T_KashyyykBase_TreeGiant_02_Branch_LOD_C	1
Objects/Nature/Kashyyyk/_KashyyykBase/KashyyykBase_TreeGiant_01/T_KashyyykBase_TreeGiant_02_Branch_LOD_N	1
Objects/Nature/Naboo/_Meshscatter/MS_Naboo_Twigs_01/T_MS_Naboo_Twigs_01_CS	1
Objects/Nature/Naboo/_Meshscatter/MS_Naboo_Twigs_01/T_MS_Naboo_Twigs_01_N	1
Objects/Nature/Takodana/_TakodanaBase/_Meshscattering/MS_TakodanaBase_MeshGrass_01/T_MS_TakodanaBase_MeshGrass_01_C	1
Objects/Nature/Takodana/_TakodanaBase/_Meshscattering/MS_TakodanaBase_MeshGrass_01/T_MS_TakodanaBase_MeshGrass_01_N	1
Objects/Nature/Naboo/_NabooBase/_Meshscattering/MS_NabooBase_GroundLeaves_01/T_MS_NabooBase_GroundLeaves_01_C	1
Objects/Nature/Naboo/_NabooBase/_Meshscattering/MS_NabooBase_GroundLeaves_01/T_MS_NabooBase_GroundLeaves_01_N	1
Objects/Nature/Pillio/_PillioLive/_Meshscattering/T_SeaUrchine_01_CA	1
Objects/Nature/Pillio/_PillioLive/_Meshscattering/T_SeaUrchine_01_NS	1
Objects/Props/_Decals/OilPuddle_01/T_OilPuddle_01_N	1
ToBeDeleted_TempInTransition/Objects/Architecture/Imperial/LandingPlatform_01/T_LandingPlatformPlatform_01_Lines_NS	1
Objects/Props/Landmarks/Bespin/TibannaGasPlatform_01/T_TibannaGasPlatform_WeakSpot_Paint_01_CS	1
Objects/Props/ObjectSets/_GalacticEmpire/Imperial_Detonate_Charge_01/T_Imperial_Detonate_Charge_01_C	1
Objects/Props/ObjectSets/_GalacticEmpire/Imperial_Detonate_Charge_01/T_Imperial_Detonate_Charge_01_NS	1
Objects/Props/ObjectSets/Endor/T_TuskenCamp_SkullBantha_01_C	1
Objects/Props/ObjectSets/Tatooine/DirtRidge_01/T_DirtRidge_01_CS	1
Objects/Props/ObjectSets/Tatooine/DirtRidge_01/T_DirtRidge_01_NOM	1
Objects/Props/ObjectSets/Tatooine/LandSpeeder_03/T_LandSpeeder_Glass_03_CS	1
S3/Levels/Kessel_01/Lighting/Textures/T_Kessel_FakeExterior_01_C	1
S3/Objects/Kessel/Architecture/QuarryPools/T_KES_QuarryPools_01_CS	1
S5_1/Objects/Geonosis/Nature/BaseRockWallLarge_01/T_GEO_BaseRockWallLarge_01_C	1
S5_1/Objects/Geonosis/Nature/BaseRockWallLarge_01/T_GEO_BaseRockWallLarge_01_N	1
S8/Felucia/Objects/Felucia/Nature/BackdropMushroom_01/T_FEL_BackdropMushroom_01_C	1
S8/Felucia/Objects/Felucia/Nature/BackdropMushroom_01/T_FEL_BackdropMushroom_01_N	1
S8/Felucia/Objects/Felucia/Nature/FEL_HorizonFungusBD_01/T_FEL_HorizonFungusBD_01_CA	1
S8/Felucia/Objects/Felucia/Nature/FEL_HorizonFungusBD_01/T_FEL_HorizonFungusBD_01_NA	1
S8/Felucia/Objects/Felucia/Nature/FeluciaBase_Gelagrub_01/T_FeluciaBase_Gelagrub_01_C	1
S8/Felucia/Objects/Felucia/Nature/FeluciaBase_Gelagrub_01/T_FeluciaBase_Gelagrub_01_N	1
S8/Felucia/Objects/Felucia/Nature/FeluciaBase_SphereStackPlant_01/T_FeluciaBase_SphereStackPlant_LOD_01_C	1
S8/Felucia/Objects/Felucia/Nature/FeluciaBase_SphereStackPlant_01/T_FeluciaBase_SphereStackPlant_LOD_01_N	1
S8/Felucia/Objects/Felucia/Props/ShedMushroom_01/T_FEL_ShedMushroom_Poison_01_C	1
S8/Felucia/Objects/Felucia/Props/ShedMushroom_01/T_FEL_ShedMushroom_Poison_01_N	1
