AI/BattleAI/Cover/CoverConstants	CoverConstantData	data/AI/BattleAI/Cover/CoverConstants.json	4298
AI/BattleAI/Tactics/AIRebelSoldierTactics	SoldierTactics	data/AI/BattleAI/Tactics/AIRebelSoldierTactics.json	7857
AI/BattleAI/Templates/Rifleman_Template	AISoldierSpawnTemplateData	data/AI/BattleAI/Templates/Rifleman_Template.json	2011
AI/BattleAI/Weapons/AIFiringPatterns	FiringPatternCollectionData	data/AI/BattleAI/Weapons/AIFiringPatterns.json	28528
Gameplay/Equipment/Rifles/A280C/Ability_Weapon_BlasterRifle_A280C	SoldierWeaponPlayerAbilityAsset	data/Gameplay/Equipment/Rifles/A280C/Ability_Weapon_BlasterRifle_A280C.json	4544
Gameplay/Equipment/Rifles/A280C/OverheatConfig_Rifle_A280C	OverheatConfigAsset	data/Gameplay/Equipment/Rifles/A280C/OverheatConfig_Rifle_A280C.json	2049
Gameplay/Equipment/Rifles/A280C/U_BlasterRifle_A280C	SoldierWeaponUnlockAsset	data/Gameplay/Equipment/Rifles/A280C/U_BlasterRifle_A280C.json	3066
Gameplay/Equipment/Rifles/A280C/W_BlasterRifle_A280C	SoldierWeaponBlueprint	data/Gameplay/Equipment/Rifles/A280C/W_BlasterRifle_A280C.json	56616
Gameplay/Equipment/Rifles/A280C/WeaponFiring_A280C	WeaponFiringDataAsset	data/Gameplay/Equipment/Rifles/A280C/WeaponFiring_A280C.json	5391
Gameplay/Equipment/Rifles/A280C/WeaponSway_A280C	DataContainerAsset	data/Gameplay/Equipment/Rifles/A280C/WeaponSway_A280C.json	14471
Gameplay/Equipment/Shared/Projectiles/BlasterProjectile_BlasterRifle_A295	GameDataContainerAsset	data/Gameplay/Equipment/Shared/Projectiles/BlasterProjectile_BlasterRifle_A295.json	3113
Gameplay/Factions/MP/Faction_Light_Orig	WSFactionAsset	data/Gameplay/Factions/MP/Faction_Light_Orig.json	288
Gameplay/Kits/Hero/DarthVader/Ability_DarthVader_ForceChoke_02	BasicPlayerAbilityAsset	data/Gameplay/Kits/Hero/DarthVader/Ability_DarthVader_ForceChoke_02.json	4112
Gameplay/Kits/Hero/DarthVader/Affector_Health_DarthVader	MaxHealthAffectorAsset	data/Gameplay/Kits/Hero/DarthVader/Affector_Health_DarthVader.json	497
Gameplay/Kits/Hero/DarthVader/Class_Hero_DarthVader	WSSoldierCustomizationClassAsset	data/Gameplay/Kits/Hero/DarthVader/Class_Hero_DarthVader.json	379
Gameplay/Kits/Hero/DarthVader/GP_Hero_DarthVader	WSSoldierCustomizationGameplayAsset	data/Gameplay/Kits/Hero/DarthVader/GP_Hero_DarthVader.json	13348
Gameplay/Kits/Hero/DarthVader/Kit_Hero_DarthVader	WSSoldierCustomizationKitAsset	data/Gameplay/Kits/Hero/DarthVader/Kit_Hero_DarthVader.json	4246
Gameplay/Kits/MP/Assault/Ability_Assault_CombatRoll_CharacterState	CharacterStatePlayerAbilityAsset	data/Gameplay/Kits/MP/Assault/Ability_Assault_CombatRoll_CharacterState.json	6396
Gameplay/Kits/MP/Assault/Affector_AssaultHealth	MaxHealthAffectorAsset	data/Gameplay/Kits/MP/Assault/Affector_AssaultHealth.json	479
Gameplay/Kits/MP/Assault/Affector_AssaultHealthRegen	SoldierHealthRegenerationAffectorAsset	data/Gameplay/Kits/MP/Assault/Affector_AssaultHealthRegen.json	609
Gameplay/Kits/MP/Assault/Class_Assault	WSSoldierCustomizationClassAsset	data/Gameplay/Kits/MP/Assault/Class_Assault.json	349
Gameplay/Kits/MP/Assault/DefaultWeapon_L_Assault_Orig	SoldierWeaponCustomizationModifier	data/Gameplay/Kits/MP/Assault/DefaultWeapon_L_Assault_Orig.json	538
Gameplay/Kits/MP/Assault/GP_Assault	WSSoldierCustomizationGameplayAsset	data/Gameplay/Kits/MP/Assault/GP_Assault.json	24165
Gameplay/Kits/MP/Assault/Kit_L_Assault_Orig_HO	WSSoldierCustomizationKitAsset	data/Gameplay/Kits/MP/Assault/Kit_L_Assault_Orig_HO.json	7607
Gameplay/Teams/MP/Heroes_Dark	WSSoldierCustomizationKitList	data/Gameplay/Teams/MP/Heroes_Dark.json	1947
Gameplay/Teams/MP/Heroes_Light	WSSoldierCustomizationKitList	data/Gameplay/Teams/MP/Heroes_Light.json	1923
Gameplay/Teams/MP/Orig/Specials_Light_Orig_HO	WSSoldierCustomizationKitList	data/Gameplay/Teams/MP/Orig/Specials_Light_Orig_HO.json	823
Gameplay/Teams/MP/Orig/Vehicles_Light_Orig_HO	WSVehicleCustomizationKitList	data/Gameplay/Teams/MP/Orig/Vehicles_Light_Orig_HO.json	1106
Levels/MP/Hoth_01/FantasyBattle_Gameplay	LayerData	data/Levels/MP/Hoth_01/FantasyBattle_Gameplay.json	61237
Levels/MP/Hoth_01/FantasyBattle_Logic	LayerData	data/Levels/MP/Hoth_01/FantasyBattle_Logic.json	234377
Levels/MP/Hoth_01/FantasyBattle_Shapes	LayerData	data/Levels/MP/Hoth_01/FantasyBattle_Shapes.json	58172
