Gameplay/GameModes/SpaceBattles/AINames_Empire_SpaceBattles	AIPlayerNames	data/Gameplay/GameModes/SpaceBattles/AINames_Empire_SpaceBattles.json	0
Gameplay/Kits/Vehicle/Xwing_T65/GP_Vehicle_Xwing_T65	WSVehicleCustomizationGameplayAsset	data/Gameplay/Kits/Vehicle/Xwing_T65/GP_Vehicle_Xwing_T65.json	0
Gameplay/Kits/Vehicle/Xwing_T65/Kit_Vehicle_Xwing_T65	WSVehicleCustomizationKitAsset	data/Gameplay/Kits/Vehicle/Xwing_T65/Kit_Vehicle_Xwing_T65.json	0
Gameplay/Teams/Space/Vehicles_Light_Orig_Space	WSVehicleCustomizationKitList	data/Gameplay/Teams/Space/Vehicles_Light_Orig_Space.json	0
Gameplay/Vehicles/Abilities/Starfighters/Ability_ProtonTorpedo/VehicleWeaponAbility_ProtonTorpedo	VehicleWeaponPlayerAbilityAsset	data/Gameplay/Vehicles/Abilities/Starfighters/Ability_ProtonTorpedo/VehicleWeaponAbility_ProtonTorpedo.json	0
Gameplay/Vehicles/Abilities/Starfighters/StarFighterMissileController_ProtonTorpedo	DataContainerAsset	data/Gameplay/Vehicles/Abilities/Starfighters/StarFighterMissileController_ProtonTorpedo.json	0
Gameplay/Vehicles/Air/XWing_T65/Vehicle_Air_XWing_T65	VehicleBlueprint	data/Gameplay/Vehicles/Air/XWing_T65/Vehicle_Air_XWing_T65.json	0
Gameplay/Vehicles/Air/XWing_T65/Vehicle_Air_XWing_T65_Handling	LayerData	data/Gameplay/Vehicles/Air/XWing_T65/Vehicle_Air_XWing_T65_Handling.json	0
Gameplay/Vehicles/Air/XWing_T65/Vehicle_Air_XWing_T65_Weapons	LayerData	data/Gameplay/Vehicles/Air/XWing_T65/Vehicle_Air_XWing_T65_Weapons.json	0
Gameplay/Vehicles/Air/XWing_T70/Vehicle_Air_XWing_T70	VehicleBlueprint	data/Gameplay/Vehicles/Air/XWing_T70/Vehicle_Air_XWing_T70.json	0
Gameplay/Vehicles/Projectiles/Projectile_Xwing	GameDataContainerAsset	data/Gameplay/Vehicles/Projectiles/Projectile_Xwing.json	0
Gameplay/Vehicles/Projectiles/Projectile_Xwing_Quad	GameDataContainerAsset	data/Gameplay/Vehicles/Projectiles/Projectile_Xwing_Quad.json	0
