lukehoth	characters/hero/luke/luke_hoth_01/luke_hoth_01_mesh	*_gloves_mesh,*_helmet_mesh,*_helmetscarf_cloth_mesh,characters/heads/heads_luke/heads_luke_01/heads_luke_02_mesh	1.72	Luke Skywalker (Hoth)	2	luke
lukefarmboy	characters/hero/luke/luke_farmboy_01/luke_farmboy_01_mesh	*_hands_mesh,*_torso_mesh,characters/heads/heads_luke/heads_luke_01/heads_luke_02_mesh,characters/heads/heads_luke/heads_luke_01/hair_luke_02_mesh	1.72	Luke Skywalker (Tatooine)	2	luke
lukeyavin	characters/hero/luke/luke_yavin_01/luke_yavin_01_mesh	*_jacket_mesh,characters/heads/heads_luke/heads_luke_01/heads_luke_02_mesh,characters/heads/heads_luke/heads_luke_01/hair_luke_02_mesh	1.72	Luke Skywalker (Yavin)	2	luke
obiwan2	characters/hero/obiwan/obiwan_02/obiwan_02_body_mesh	*_hand_mesh,*_vest_mesh,*_sleeves_robe_cloth_mesh,*_skirt_cloth_mesh,*_flaps_cloth_mesh,characters/heads/heads_obiwan/heads_obiwan_rots_01/heads_obiwan_rots_01_mesh	1.82	Obi-Wan Kenobi (Jedi robe)	1	obiwan
obiwan3	characters/hero/obiwan/obiwan_03/obiwan_03_body_mesh	*_skirt_cloth_mesh,characters/heads/heads_obiwan/heads_obiwan_rots_01/heads_obiwan_rots_01_mesh	1.82	Obi-Wan Kenobi (Clone Wars)	3	obiwan
anakin2	characters/hero/anakin/anakin_02/anakin_02_mesh	*_flaps_mesh,*_robe_mesh,characters/heads/heads_anakin/heads_anakin_01/heads_anakin_01_mesh,characters/heads/heads_anakin/heads_anakin_01/hair_anakin_01_mesh	1.85	Anakin Skywalker (Jedi robe)	3	anakin
anakin3	characters/hero/anakin/anakin_03/anakin_03_mesh	*_skirt_mesh,characters/heads/heads_anakin/heads_anakin_01/heads_anakin_01_mesh,characters/heads/heads_anakin/heads_anakin_01/hair_anakin_01_mesh	1.85	Anakin Skywalker (Clone Wars)	3	anakin
maullegs	characters/hero/darthmaul/darthmaul_robotlegs_01/darthmaul_robotlegs_01_mesh	characters/heads/heads_darthmaul/heads_darthmaul_01/heads_darthmaul_01_mesh	1.75	Maul (cybernetic legs)	3	maul
dooku2	characters/hero/countdooku/countdooku_02/countdooku_02_mesh	characters/heads/heads_countdooku/heads_countdooku_01/heads_countdooku_01_mesh	1.93	Count Dooku (Geonosis)	2	dooku
dooku3	characters/hero/countdooku/countdooku_03/countdooku_03_mesh	*_body_mesh,*_belt_mesh,characters/heads/heads_countdooku/heads_countdooku_01/heads_countdooku_01_mesh	1.93	Count Dooku (Jedi Master)	2	dooku
hanendor	characters/hero/hansolo/hansolo_endor_01/hansolo_endor_01_mesh	*_coat_cloth_mesh,characters/heads/heads_hansolo/heads_hansolo_01/heads_hansolo_01_mesh,characters/heads/heads_hansolo/heads_hansolo_01/hair_hansolo_01_mesh	1.85	Han Solo (Endor)	2	han
hanhoth	characters/hero/hansolo/hansolo_hoth_01/hansolo_hoth_01_mesh	*_helmet_mesh,*_skirt_cloth_mesh,characters/heads/heads_hansolo/heads_hansolo_01/heads_hansolo_01_mesh	1.85	Han Solo (Hoth)	3	han
hanrotj	characters/hero/hansolo/hansolo_rotj_01/hansolo_rotj_01_mesh	*_vest_mesh,characters/heads/heads_hansolo/heads_hansolo_01/heads_hansolo_01_mesh,characters/heads/heads_hansolo/heads_hansolo_01/hair_hansolo_01_mesh	1.85	Han Solo (Return of the Jedi)	2	han
hanyavin	characters/hero/hansolo/hansolo_yavin_01/hansolo_yavin_01_mesh	*_vest_mesh,characters/heads/heads_hansolo/heads_hansolo_01/heads_hansolo_01_mesh,characters/heads/heads_hansolo/heads_hansolo_01/hair_hansolo_01_mesh	1.85	Han Solo (Yavin)	2	han
hanyoung	characters/hero/hansolo/hansolo_young_01/hansolo_young_01_mesh	*_jacket_cloth_mesh,characters/heads/heads_hansolo/heads_hansolo_young_01/heads_hansolo_young_01_mesh	1.85	Han Solo (young, Corellia)	2	han
hanyoung2	characters/hero/hansolo/hansolo_young_02/hansolo_young_02_mesh	*_vest_cloth_mesh,characters/heads/heads_hansolo/heads_hansolo_young_01/heads_hansolo_young_01_mesh	1.85	Han Solo (young, Kessel)	3	han
leiaboushh	characters/hero/leia/leia_boushh_01/leia_boushh_01_mesh	*_skirt_cloth_mesh	1.5	Leia Organa (Boushh)	3	leia
leiaendor	characters/hero/leia/leia_endor_01/leia_endor_01_mesh	*_poncho_mesh,characters/heads/heads_leia/heads_leia_01/heads_leia_01_mesh,characters/heads/heads_leia/heads_leia_01/heads_leia_01_hair_mesh	1.5	Leia Organa (Endor)	2	leia
leiagoldvest	characters/hero/leia/leia_orig_nab_01/leia_orig_nab_01_mesh	*_vest_mesh,characters/heads/heads_leia/heads_leia_orig/heads_leia_orig_head_mesh	1.5	Leia Organa (gold vest)	2	leia
leiaprincess	characters/hero/leia/leia_princess_01/leia_princess_01_pants_mesh	*_hoody_mesh,*_skirt_mesh,*_sleeves_mesh,characters/heads/heads_leia/heads_leia_01/heads_leia_01_mesh,characters/heads/heads_leia/heads_leia_01/heads_leia_01_hair_mesh	1.5	Leia Organa (Princess)	2	leia
landorotj	characters/hero/lando/lando_rotj_01/lando_rotj_01_mesh	*_cloak_cloth_mesh,characters/heads/heads_lando/heads_lando_02/heads_lando_02_mesh	1.78	Lando Calrissian (Return of the Jedi)	3	lando
landoskiff	characters/hero/lando/lando_skiff_01/lando_skiff_01_mesh	*_skirt_cloth_mesh	1.78	Lando Calrissian (skiff guard)	3	lando
landoyoung	characters/hero/lando/lando_young_01/lando_young_01_mesh	*_cape_cloth_mesh,*_tie_cloth_mesh,characters/heads/heads_lando/heads_lando_young_01/heads_lando_young_01_mesh	1.78	Lando Calrissian (young)	3	lando
landoyoung2	characters/hero/lando/lando_young_02/lando_young_02_mesh	*_cape_cloth_mesh,*_tie_cloth_mesh,characters/heads/heads_lando/heads_lando_young_01/heads_lando_young_01_mesh	1.78	Lando Calrissian (young, Kessel)	3	lando
chewiegoggles	characters/hero/chewbacca/chewbacca_goggles_01/chewbacca_goggles_01_mesh	*_bag_cloth_mesh,*_hair_cloth_mesh	2.28	Chewbacca (goggles)	3	chewie
